,age,fnlwgt,education num,capital gain,capital loss,hours per week,workclass,education,marital status,occupation,relationship,race,native country,origin
0,0.0008138298610530943,-0.0007742711719017082,-0.0007708617870786804,-0.0007397581998076096,-0.000723893573971221,0.0006161302704593515,-0.0004422235306502023,-0.0007181154731546121,-1.0862422894984377e-05,0.00025700121074748183,-0.0006521216671459044,0.0004014212500935442,-0.0007876155729303035,0.0
1,0.0033559132759270562,-0.0014691090761768577,-0.0014549606942399751,-0.0012914271032374476,-0.0011949954988441653,0.0028550960875268596,0.00031523175365752475,-0.0011497699860122312,0.0010663694072774155,0.001683050867408169,-0.0006171552142908467,0.0023138993036250764,-0.0015381361022772154,0.0
