,age,fnlwgt,education num,capital gain,capital loss,hours per week,workclass,education,marital status,occupation,relationship,race,native country,origin
0,-0.000927922404247517,-0.00025843694357430156,-0.00026088182443831305,-0.00029373809193786296,-0.0003166479806954252,-0.0012817632753336925,-0.0007542290429115604,-0.00032817348949199047,-0.0010433020672575466,-0.0010258205240455472,-0.0004768317200254274,-0.00101771765298394,-0.000246139953334318,0.0
1,-0.0014304947773791385,0.002360401036700336,0.0023495990004114707,0.0022275940188233342,0.002157098670047324,-0.008609673762744961,0.0010760667924812643,0.002124574612317202,-0.004494870220948137,-0.004397009808736356,0.0017468072509253503,-0.0005581964715813009,0.0024125170040659723,0.0
