,age,fnlwgt,education num,capital gain,capital loss,hours per week,workclass,education,marital status,occupation,relationship,race,native country,origin
0,-0.0043076615391883415,-0.0054882729396021615,-0.00548330234486463,-0.0054290590986817875,-0.005399382496690921,-0.0017708976720673985,-0.004973907477837603,-0.005385695220535388,0.014839171443031344,-0.003488719213885539,0.03649128375648378,-0.004508274872407181,-0.005512471805783504,0.0
1,0.0010589499271560139,-0.0008260750168942272,-0.0008217853221968363,-0.0007710940111259022,-0.0007397852571142055,0.004405463436262936,-0.0002270372621862005,-0.000725178711905459,0.01315194388166535,0.002588045455623299,0.028781018568154727,0.0005996568391975652,-0.0008469499781924034,0.0
