,age,fnlwgt,education num,capital gain,capital loss,hours per week,workclass,education,marital status,occupation,relationship,race,native country,origin
0,-0.0010371541543468883,0.00203279686638945,0.0020240989623026636,0.0019229543810141934,0.0018622505747823673,-0.006359158710483651,0.0009080414894574246,0.0018340175974306786,-0.003147032918979541,-0.003073784277618482,-0.006592086222647896,-0.0004268533313887535,0.002074912947525897,0.0
1,0.0005524780434531086,0.001873392450649652,0.0018695147933433303,0.0018300731583871439,0.0018106387075321135,-0.002924585174751958,0.001516529808309739,0.0018016516383834997,-0.0011518257945521506,-0.001103768410049164,-0.003077837241823814,0.001000519607710351,0.0018921553376669196,0.0
