,age,fnlwgt,education num,capital gain,capital loss,hours per week,workclass,education,marital status,occupation,relationship,race,native country,origin
0,-0.0022470314576184,0.001992264786367422,0.0019800979208172012,0.0018409344724910498,0.001759278440859435,-0.0018017605997866905,0.0004793512624438176,0.0017213355836032198,-0.0056094423744347775,-0.0054994846805213864,0.0012761950889713413,-0.001323755038124916,0.002051025002646954,0.0
1,0.00019050113814124745,0.0006067101438250554,0.0006056160927943887,0.0006014811791673486,0.0006063239619026454,0.0002958262210461042,0.0007905262129944677,0.0006098684261803539,-7.648672229307698e-05,-8.710577158611041e-05,0.0006774367371457646,0.00042213052416609003,0.0006117844319466475,0.0
