,age,fnlwgt,education num,capital gain,capital loss,hours per week,workclass,education,marital status,occupation,relationship,race,native country,origin
0,0.0021844134600768213,-0.0009510392543968935,-0.0009412785047470837,-0.0008259650101774717,-0.0007551521752224335,0.0018615868591255595,0.0003908011369440102,-0.0007216578978036435,0.0008715768251278071,0.0047557432332809785,-0.00032083160317868304,0.0015290091747285424,-0.0009981808905017483,0.0
1,0.0018480830888559581,-0.0016044775790773076,-0.001595325073970999,-0.001495039158828371,-0.001439833005060959,0.0014710111217464065,-0.0006106720042496081,-0.001414820506061345,1.7853625216357683e-05,0.004288858520323302,-0.0011292270664803412,0.0010505136819927016,-0.001648602198836649,0.0
