,age,fnlwgt,education num,capital gain,capital loss,hours per week,workclass,education,marital status,occupation,relationship,race,native country,origin
0,0.0022810327172370754,0.0028804477649592413,0.0028771093420893526,0.0028431356538306317,0.0028267462382315944,-0.0005492314980582602,0.002603663032855695,0.0028192308545766,-0.012853559886026614,0.0015623716382398042,-0.000699213363615985,0.0023776470098936606,0.0028966237156871017,0.0
1,-0.0002755817522122864,0.0024318692125808463,0.0024246273655038624,0.002340738040697669,0.0022904717034917294,-0.004724467803440647,0.0014978839989041566,0.0022670914055947585,-0.024244547711138684,-0.0023198573737615662,-0.00490282396257046,0.00033977929149772127,0.0024670193305085177,0.0
